1 L o s " " D e l " " E s p a c i o " " ( p a r t . " " D u k i , " " E m i l i a , " " T i a g o " " P Z K , " " F M K , " " R u s h e r k i n g , " " " " M a r i a " " B e c e r r a " " y " " B i g " " O n e ) L I T " " k i l l a h
2 U n " " F i n d e " " ( p a r t . " " F M K " " y " " K e " " P e r s o n a j e s ) " " ( C R O S S O V E R " " # 2 ) B i g " " O n e
3 L o s " " D e l " " E s p a c i o " " ( p a r t . " " L I T " " k i l l a h , " " E m i l i a , " " T i a g o " " P Z K , " " F M K , " " R u s h e r k i n g , " " M a r i a " " B e c e r r a " " y " " B i g " " O n e D U K I
4 P E S O " " P L U M A " " ( B Z R P " " M u s i c " " S e s s i o n s " " # 5 5 ) B i z a r r a p
5 Y o u ' r e " " L o s i n g " " M e T a y l o r " " S w i f t
6 A c r ó s t i c o S h a k i r a
7 N o _ s e _ v e . m p 3 " " ( p a r t . " " L U D M I L L A ) E m i l i a
8 N u n c a " " Q u i s e I n t o x i c a d o s
9 L a " " S i r e n i t a " " - " " P a r t e " " d e " " T u " " M u n d o D i s n e y
1 0 S a n t o " " E s " " E l " " Q u e " " V i v e M o n t e s a n t o
1 1 E l l a " " B a i l a " " S o l a " " ( p a r t . " " P e s o " " P l u m a ) E s l a b o n " " A r m a d o
1 2 u n " " x 1 0 0 t o " " ( p a r t . " " B a d " " B u n n y ) G r u p o " " F r o n t e r a
1 3 L A T I 2 " " ( p a r t . " " L a " " J o a q u i ) C a l l e j e r o " " F i n o
1 4 M . A " " ( R e m i x ) " " ( p a r t . " " C a l l e j e r o " " F i n o , " " L a " " J o a q u i " " y " " L o l a " " I n d i g o ) B M
1 5 G i r o s F i t o " " P á e z
1 6 L a " " B e b e " " ( r e m i x ) " " ( p a r t . " " P e s o " " P l u m a ) Y n g " " L v c a s
1 7 Y e l l o w C o l d p l a y
1 8 D o " " I " " W a n n a " " K n o w ? A r c t i c " " M o n k e y s
1 9 C a b l e " " A " " T i e r r a F i t o " " P á e z
2 0 C r e e p R a d i o h e a d
2 1 F l o w e r s M i l e y " " C y r u s
2 2 D u e l e s J e s s e " " & " " J o y
2 3 H i t s " " D i f f e r e n t T a y l o r " " S w i f t
2 4 F i x " " Y o u C o l d p l a y
2 5 T h e " " B e s t T i n a " " T u r n e r
2 6 P o b r e " " C o r a z ó n " " ( p a r t . " " O n d a " " S a b a n e r a ) K e " " P e r s o n a j e s
2 7 L a " " V i a j e r a S O L E D A D
2 8 U n o " " L o s " " D o s M i r a n d a ! " "
2 9 C u á n d o " " N o " " E s t á s A n d r é s " " C a l a m a r o
3 0 H a v e " " Y o u " " E v e r " " S e e n " " T h e " " R a i n ? C r e e d e n c e " " C l e a r w a t e r " " R e v i v a l
3 1 D o s " " D i a s " " E n " " L a " " V i d a F i t o " " P á e z
3 2 A D I Ó S M a r i a " " B e c e r r a
3 3 C u p i d " " ( T w i n " " V e r s i o n ) F I F T Y " " F I F T Y
3 4 L o c o " " ( T u " " F o r m a " " d e " " S e r ) L o s " " A u t é n t i c o s " " D e c a d e n t e s
3 5 Q u i z á s , " " P o r q u e S u i " " G e n e r i s
3 6 M o r o c h a M I L O " " J
3 7 V i v a " " L a " " V i d a C o l d p l a y
3 8 P e r f e c t E d " " S h e e r a n
3 9 L o s t " " O n " " Y o u L P
4 0 L a " " D o c t o r a " " I I L a s " " P a s t i l l a s " " D e l " " A b u e l o
4 1 B o h e m i a n " " R h a p s o d y Q u e e n
4 2 A m a n e c e m o s " " ( p a r t . " " A l a n " " G o m e z ) L a " " J o a q u i
4 3 U n " " V e s t i d o " " y " " U n " " A m o r " " ( T e " " V i ) F i t o " " P á e z
4 4 B r i n d i s S O L E D A D
4 5 L o c o " " P o r " " V o l v e r l a " " a " " V e r L a s " " P a s t i l l a s " " D e l " " A b u e l o
4 6 R o c k " " A n d " " R o l l " " R e v o l u t i o n F i t o " " P á e z
4 7 D e c i m e " " B o c a " " Q u é " " P a s ó " " E n " " M a r " " d e l " " P l a t a R i v e r " " P l a t e
4 8 L i m ó n " " y " " S a l J u l i e t a " " V e n e g a s
4 9 Y a h w e h " " S e " " M a n i f e s t a r á O a s i s " " M i n i s t r y
5 0 W h a t ' s " " U p ? 4 " " N o n " " B l o n d e s
5 1 A l l " " T o o " " W e l l " " ( 1 0 " " M i n u t e " " V e r s i o n ) T a y l o r " " S w i f t
5 2 T h e " " S c i e n t i s t C o l d p l a y
5 3 D I S P A R A " " * * * " " ( p a r t . " " M i l o " " J ) N i c k i " " N i c o l e
5 4 8 " " A M " " ( p a r t . " " Y o u n g " " M i k o ) N i c k i " " N i c o l e
5 5 O b s e s i ó n L a l i
5 6 P e r f e c t a " " ( p a r t . " " M a r i a " " B e c e r r a " " y " " F M K ) M i r a n d a ! " "
5 7 T Q G " " ( p a r t . " " S h a k i r a ) K A R O L " " G
5 8 Q u i e r o " " Q u e m a r " " E l " " G a l l i n e r o B o c a " " J u n i o r s
5 9 P a r t " " o f " " Y o u r " " W o r l d A " " P e q u e n a " " S e r e i a " " / " " T h e " " L i t t l e " " M e r m a i d " " / " " L a " " S i r e n i t a " "
6 0 T u s " " C u e r d a s " " d e " " A m o r " " ( p a r t . " " L o w s a n " " M e l g a r ) J u l i o " " M e l g a r
6 1 c a r d i g a n T a y l o r " " S w i f t
6 2 A r r o r r ó " " M i " " N i ñ o C a n c i o n e s " " I n f a n t i l e s
6 3 B o r r a c h o R i v e r " " P l a t e
6 4 M . A " " ( M e j o r e s " " A m i g o s ) B M
6 5 T e " " C u r a M a r i a " " B e c e r r a
6 6 E l " " B r u j i t o " " D e " " G u l u b ú M a r í a " " E l e n a " " W a l s h
6 7 E L " " P L O T T E R " " ( p a r t . " " D T . B i l a r d o ) P e r r o " " P r i m o
6 8 K a r m a T a y l o r " " S w i f t
6 9 I " " W a n n a " " B e " " Y o u r s A r c t i c " " M o n k e y s
7 0 S o m e w h e r e " " O n l y " " W e " " K n o w K e a n e
7 1 A s " " I t " " W a s H a r r y " " S t y l e s
7 2 L o v e r T a y l o r " " S w i f t
7 3 W h e r e " " S h e " " G o e s " " [ e x p l i c i t ] B a d " " B u n n y
7 4 P h o t o g r a p h E d " " S h e e r a n
7 5 T h e " " C l i m b M i l e y " " C y r u s
7 6 T u s " " V u e l t a s M I L O " " J
7 7 M e m o r i e s M a r o o n " " 5
7 8 J a g g e r . m p 3 E m i l i a
7 9 C a l m " " D o w n " " ( r e m i x ) " " ( f e a t . " " S e l e n a " " G o m e z ) R E M A
8 0 A " " S k y " " F u l l " " O f " " S t a r s C o l d p l a y
8 1 S h a l l o w " " ( f e a t . " " B r a d l e y " " C o o p e r ) L a d y " " G a g a
8 2 R o d e a d o " " ( p a r t . " " T b a " " W o r s h i p , " " M i s a e l " " J " " y " " C a r o l i n a " " P o n c i a n o ) G r u p o " " H o p e
8 3 L e t " " I t " " B e T h e " " B e a t l e s
8 4 A l w a y s " " R e m e m b e r " " U s " " T h i s " " W a y L a d y " " G a g a
8 5 T o d o " " d e " " M í P e d r o " " A z n a r
8 6 D e s a f i a n d o " " E l " " D e s t i n o M a r i a " " B e c e r r a
8 7 W i s h " " Y o u " " W e r e " " H e r e P i n k " " F l o y d
8 8 F r á g i l " " ( p a r t . " " G r u p o " " F r o n t e r a ) Y a h r i t z a " " Y " " S u " " E s e n c i a
8 9 Y e s t e r d a y T h e " " B e a t l e s
9 0 S h a k e " " I t " " O f f T a y l o r " " S w i f t
9 1 I " " W i l l " " A l w a y s " " L o v e " " Y o u W h i t n e y " " H o u s t o n
9 2 S a l v e " " A r g e n t i n a F a b i a n a " " C a n t i l o
9 3 A l l " " O f " " M e J o h n " " L e g e n d
9 4 N o t h i n g " " E l s e " " M a t t e r s M e t a l l i c a
9 5 N o " " V e o " " L a " " H o r a " " Q u e " " L l e g u e " " E l " " D o m i n g o R i v e r " " P l a t e
9 6 Y a " " N o " " V u e l v a s " " ( p a r t . " " L u c k " " R a " " y " " K e " " P e r s o n a j e s ) L a " " K ' o n g a
9 7 L a s " " C o s a s " " T i e n e n " " M o v i m i e n t o F i t o " " P á e z
9 8 W o n d e r w a l l O a s i s
9 9 U n s t o p p a b l e S i a
1 0 0 A n o t h e r " " L o v e T o m " " O d e l l
1 0 1 C A L L E J E R O " " F I N O " " ( D J " " T A O " " T u r r e o " " S e s s i o n s " " # 7 2 3 ) D J " " T a o
1 0 2 C o m o " " L a " " F l o r K e " " P e r s o n a j e s
1 0 3 T h o s e " " E y e s N e w " " W e s t
1 0 4 S w e e t " " C h i l d " " O ' " " M i n e G u n s " " N ' " " R o s e s
1 0 5 I d o l Y O A S O B I
1 0 6 E n c h a n t e d T a y l o r " " S w i f t
1 0 7 E l " " A m o r " " D e s p u é s " " D e l " " A m o r F i t o " " P á e z
1 0 8 L a " " C h i s p a " " E s " " U n a " " ( p a r t . " " A l e j o " " I s a k k " " y " " G u s t y " " D J ) S a l a s
1 0 9 ¿ Q u i é n " " P o d r á ? A v e r l y " " M o r i l l o
1 1 0 E n " " e l " " B a r r i o " " d e " " L a " " B o c a L a " " G u a r d i a " " I m p e r i a l
1 1 1 I m a g i n e J o h n " " L e n n o n
1 1 2 Y o u r " " S o n g E l t o n " " J o h n
1 1 3 C l a s i c a " " Y " " M o d e r n a L a s " " P a s t i l l a s " " D e l " " A b u e l o
1 1 4 S i " " L a " " C a l l e " " L l a m a " " ( R e m i x ) " " ( p a r t . " " M y k e " " T o w e r s ) E l a d i o " " C a r r i ó n
1 1 5 C o u n t " " O n " " M e B r u n o " " M a r s
1 1 6 B l a n k " " S p a c e T a y l o r " " S w i f t
1 1 7 S t a n d " " B y " " M e B e n " " E . " " K i n g
1 1 8 P o r " " L a s " " N o c h e s " " ( r e m i x ) " " ( p a r t . " " N i c k i " " N i c o l e ) P e s o " " P l u m a
1 1 9 E l " " N o " " V a " " A " " V e n i r K a r i n a
1 2 0 H e r e " " C o m e s " " T h e " " S u n T h e " " B e a t l e s
1 2 1 A n t i - H e r o T a y l o r " " S w i f t
1 2 2 E l " " F i n a l " " E s " " E n " " D o n d e " " P a r t í L a " " R e n g a
1 2 3 S i " " N o " " T e " " T e n g o " " / " " Á n g e l " " / " " A q u e l l o " " Q u e " " P a s ó K e " " P e r s o n a j e s
1 2 4 S a y " " Y e s " " T o " " H e a v e n L a n a " " D e l " " R e y
1 2 5 S p a r k s C o l d p l a y
1 2 6 F e e l " " G o o d " " I n c . G o r i l l a z
1 2 7 N o v e m b e r " " R a i n G u n s " " N ' " " R o s e s
1 2 8 V u e l o s B e r s u i t " " V e r g a r a b a t
1 2 9 W e " " A r e " " N e v e r " " E v e r " " G e t t i n g " " B a c k " " T o g e t h e r T a y l o r " " S w i f t
1 3 0 L a s " " G a l l i n a s " " S o n " " A s í B o c a " " J u n i o r s
1 3 1 E v e r y " " B r e a t h " " Y o u " " T a k e T h e " " P o l i c e
1 3 2 L a " " B a l a d a " " d e " " D o n n a " " H e l e n a " " - " " E A D D A 9 2 2 3 " " ( p a r t . " " W O S " " y " " C A 7 R I E L ) F i t o " " P á e z
1 3 3 S e t " " F i r e " " T o " " T h e " " R a i n A d e l e
1 3 4 A y " " C h e " " B o s t e r o " " ( M i r á " " Q u é " " D i s t i n t o s " " S o m o s ) R i v e r " " P l a t e
1 3 5 B e l i e v e r I m a g i n e " " D r a g o n s
1 3 6 S e e " " Y o u " " A g a i n " " ( f e a t . " " C h a r l i e " " P u t h ) W i z " " K h a l i f a
1 3 7 L a " " V i d a " " E s " " U n a " " M o n e d a J u a n " " C a r l o s " " B a g l i e t t o
1 3 8 E v e r y b o d y " " W a n t s " " T o " " R u l e " " T h e " " W o r l d T e a r s " " F o r " " F e a r s
1 3 9 M y " " W a y F r a n k " " S i n a t r a
1 4 0 U n t i l " " I " " F o u n d " " Y o u S t e p h e n " " S a n c h e z
1 4 1 Y o " " T e " " Q u i e r o " " R i v e r " " P l a t e R i v e r " " P l a t e
1 4 2 C a n ' t " " H e l p " " F a l l i n g " " I n " " L o v e E l v i s " " P r e s l e y
1 4 3 D r e a m " " O n A e r o s m i t h
1 4 4 Y a " " M e " " E n t e r é R e i k
1 4 5 S t y l e T a y l o r " " S w i f t
1 4 6 S h a p e " " O f " " M y " " H e a r t S t i n g
1 4 7 U n o " " L o s " " D o s " " ( p a r t . " " E m i l i a ) M i r a n d a ! " "
1 4 8 I ' m " " S t i l l " " S t a n d i n g E l t o n " " J o h n
1 4 9 I ' m " " Y o u r s J a s o n " " M r a z
1 5 0 E l " " S o l " " D e l " " 2 5 C a r l o s " " G a r d e l
1 5 1 B o c a , " " M i " " B u e n " " A m i g o B o c a " " J u n i o r s
1 5 2 P o c a h o n t a s " " - " " C o l o r e s " " E n " " E l " " V i e n t o D i s n e y
1 5 3 M i l a g r o s a M I L O " " J
1 5 4 C a n c i ó n " " d e " " T o m a r " " E l " " T é M a r í a " " E l e n a " " W a l s h
1 5 5 D a n c e " " T h e " " N i g h t D u a " " L i p a
1 5 6 B M " " ( D J " " T A O " " T u r r e o " " S e s s i o n s " " # 1 7 ) D J " " T a o
1 5 7 D a y l i g h t T a y l o r " " S w i f t
1 5 8 P a r a d i s e C o l d p l a y
1 5 9 R i v e r , " " D e c i m e " " Q u é " " S e " " S i e n t e B o c a " " J u n i o r s
1 6 0 P o r " " L a s " " N o c h e s P e s o " " P l u m a
1 6 1 E l " " P o l l i t o " " P í o E l " " R e i n o " " I n f a n t i l
1 6 2 W h a t ' s " " L o v e " " G o t " " t o " " D o " " w i t h " " I t T i n a " " T u r n e r
1 6 3 S e " " M e " " H a " " P e r d i d o " " U n " " C o r a z o n G i l d a
1 6 4 S e ñ o r e s , " " Y o " " S o y " " D e l " " G a l l i n e r o R i v e r " " P l a t e
1 6 5 N o " " l o " " o l v i d o S a b r o s o
1 6 6 E a s y " " O n " " M e A d e l e
1 6 7 T a k e " " O n " " M e a - h a
1 6 8 H e a v e n B r y a n " " A d a m s
1 6 9 M e " " E n t e r é " " ( p a r t . " " T I N I ) T i a g o " " P Z K
1 7 0 Q u é d a t e S H É
1 7 1 A n g e l s " " L i k e " " Y o u M i l e y " " C y r u s
1 7 2 D e " " N a d a Y a m i " " S a f d i e
1 7 3 S t o p " " C r y i n g " " Y o u r " " H e a r t " " O u t O a s i s
1 7 4 T u t a n k ' m o n A l a n " " S u t t o n " " y " " l a s " " C r i a t u r i t a s " " d e " " l a " " A n s i e d a d
1 7 5 I n " " T h e " " E n d L i n k i n " " P a r k
1 7 6 L i v e " " S e t M I L O " " J
1 7 7 P R C " " ( p a r t . " " N a t a n a e l " " C a n o ) P e s o " " P l u m a
1 7 8 L o v e " " O f " " M y " " L i f e Q u e e n
1 7 9 A d e m á s " " d e " " M í " " ( r e m i x ) " " ( p a r t . " " T i a g o " " P Z K , " " K H E A , " " L I T " " k i l l a h , " " D u k i " " y " " M a r i a " " B e c e r r a ) R u s h e r k i n g
1 8 0 L e m o n " " T r e e F o o l ' s " " G a r d e n
1 8 1 A " " P e q u e n a " " S e r e i a " " - " " B a j o " " D e l " " M a r D i s n e y
1 8 2 H o t e l " " C a l i f o r n i a E a g l e s
1 8 3 M i " " N e n a " " ( R e m i x ) " " ( p a r t . " " Q u e v e d o ) M a i k e l " " D e l a c a l l e
1 8 4 C a n ' t " " S t o p R e d " " H o t " " C h i l i " " P e p p e r s
1 8 5 N I G H T " " D A N C E R i m a s e
1 8 6 C i u d a d " " D e " " P o b r e s " " C o r a z o n e s F i t o " " P á e z
1 8 7 T ú " " N o " " V i v e " " A s í " " ( p a r t . " " A r c a n g e l , " " D J " " L u i a n " " y " " M a m b o " " K i n g z ) B a d " " B u n n y
1 8 8 C o m e " " W i t h " " M e " " ( f e a t . " " s a l e m " " i l e s e ) S u r f a c e s
1 8 9 C u l t u r a " " P o r n o " " D i s n e y A l a n " " S u t t o n " " y " " l a s " " C r i a t u r i t a s " " d e " " l a " " A n s i e d a d
1 9 0 S o m e w h e r e " " O v e r " " T h e " " R a i n b o w I s r a e l " " K a m a k a w i w o ' o l e
1 9 1 R e d e m p t i o n " " S o n g B o b " " M a r l e y
1 9 2 D o n d e ? " " ( p a r t . " " F r a n " " C ) J e r e " " K l e i n
1 9 3 S i g n " " O f " " T h e " " T i m e s H a r r y " " S t y l e s
1 9 4 D o s " " B e s i t o s " " ( p a r t . " " S a l a s t k b r o n " " y " " G u s t y " " D J ) L a " " J o a q u i
1 9 5 F u e " " A m o r F i t o " " P á e z
1 9 6 C o r a z ó n " " R o t o " " ( r e m i x ) " " ( p a r t . " " J h a y c o " " y " " R y a n " " C a s t r o ) B r r a y
1 9 7 B e l l a " " C i a o B a n d a " " B a s s o t t i
1 9 8 C l a s s y " " 1 0 1 " " ( p a r t . " " Y o u n g " " M i k o ) F e i d
1 9 9 B a j a n L u i s " " A l b e r t o " " S p i n e t t a
2 0 0 A g a i n L e n n y " " K r a v i t z
2 0 1 S u b e , " " S u b e , " " S u b e M e r c e d e s " " S o s a
2 0 2 W a y " " M a k e r " " ( V e r s i ó n " " E n " " E s p a ñ o l ) P r i s c i l l a " " & " " L u i s " " B u e n o
2 0 3 L o s " " B o s t e r o s " " S o n " " A s í R i v e r " " P l a t e
2 0 4 S o p a " " d e " " C a r a c o l B a n d a " " B l a n c a
2 0 5 S a v e " " Y o u r " " T e a r s T h e " " W e e k n d
2 0 6 U n a " " G i t a n a " " H e r m o s a R i v e r " " P l a t e
2 0 7 T h e " " R e a s o n H o o b a s t a n k
2 0 8 J u j u y " " M u j e r L o s " " C h a n g o s
2 0 9 L u c k " " R a " " ( M i s s i o n " " 1 5 ) A L A N " " G O M E Z
2 1 0 A l m a " " M i s i o n e r a S a l v e " " ( O s w a l d o " " y " " A r c e )
2 1 1 J e " " v e u x Z a z
2 1 2 P r o u d " " M a r y C r e e d e n c e " " C l e a r w a t e r " " R e v i v a l
2 1 3 S - C l a s s " " ( 특 ) S t r a y " " K i d s
2 1 4 C A E N " " L A S " " E S T R E L L A S " " ( p a r t . " " Y S Y " " A ) N i c k i " " N i c o l e
2 1 5 A R R A N C A R M E L O W O S
2 1 6 M y " " U n i v e r s e " " ( f e a t . " " B T S ) C o l d p l a y
2 1 7 E n " " M i " " C o r a z ó n " " V i v i r á s T a r z a n
2 1 8 E n " " E l " " P a í s " " d e " " L a " " L i b e r t a d L e ó n " " G i e c o
2 1 9 1 1 " " y " " 6 F i t o " " P á e z
2 2 0 L e t " " H e r " " G o P a s s e n g e r
2 2 1 E t e r n o " " A m o r L o s " " M a n s e r o s " " S a n t i a g u e ñ o s
2 2 2 C l o c k s C o l d p l a y
2 2 3 M o r e " " T h a n " " W o r d s E x t r e m e
2 2 4 E n " " L a " " I n t i m i d a d " " ( p a r t . " " E m i l i a " " y " " C a l l e j e r o " " F i n o ) " " ( C R O S S O V E R " " # 1 ) B i g " " O n e
2 2 5 H a p p i e r " " T h a n " " E v e r B i l l i e " " E i l i s h
2 2 6 5 0 5 A r c t i c " " M o n k e y s
2 2 7 2 1 " " Q u e s t i o n s 5 0 " " C e n t
2 2 8 D e m o n s I m a g i n e " " D r a g o n s
2 2 9 S i s t e r s D i v i d i d o s
2 3 0 L o v e " " O n " " T h e " " B r a i n R i h a n n a
2 3 1 G l o c k " " ( p a r t . " " L a " " J o a q u i ) C a z z u
2 3 2 t o l e r a t e " " i t T a y l o r " " S w i f t
2 3 3 S u p e r " " B o w l S t r a y " " K i d s
2 3 4 C a r n a v a l i n t r o C h a n o
2 3 5 C a n c i ó n " " P a r a " " B a ñ a r " " L a " " L u n a M a r í a " " E l e n a " " W a l s h
2 3 6 E l " " F u e g o " " D e " " T u s " " O j o s I n s t i t u t o " " M i s ó n
2 3 7 Z a m b a " " P a r a " " O l v i d a r t e D a n i e l " " T o r o
2 3 8 V i v o " " P o r " " E l l a " " ( p a r t . " " M a r t a " " S a n c h e z ) A n d r e a " " B o c e l l i
2 3 9 D o m i n g o M I L O " " J
2 4 0 F a d e d A l a n " " W a l k e r
2 4 1 S a b e s R e i k
2 4 2 ¿ Q u é " " V e s ? D i v i d i d o s
2 4 3 S t a n d " " B y " " M e O a s i s
2 4 4 L o s i n g " " M y " " R e l i g i o n R . E . M .
2 4 5 i " " l o v e " " y o u B i l l i e " " E i l i s h
2 4 6 D i e " " F o r " " Y o u T h e " " W e e k n d
2 4 7 G a r o t a " " d e " " I p a n e m a J o ã o " " G i l b e r t o
2 4 8 O c h o " " C u a r e n t a R o d r i g o " " B u e n o
2 4 9 U m b r e l l a E m b e r " " I s l a n d
2 5 0 L i v i n ' " " O n " " a " " P r a y e r B o n " " J o v i
2 5 1 O b s e s i o n a r i o " " E n " " L a " " M a y o r T a n " " B i o n i c a
2 5 2 P A R A " " A M A R T E " " A " " T I " " ( p a r t . " " K H E A ) T i a g o " " P Z K
2 5 3 J a d e d M i l e y " " C y r u s
2 5 4 T i r a s t e " " G a s R i v e r " " P l a t e
2 5 5 C l a r a m e n t e C h a n o
2 5 6 D e " " N a d a " " ( r e m i x ) " " ( p a r t . " " M i c r o " " T D H " " y " " R u s h e r k i n g ) Y a m i " " S a f d i e
2 5 7 S o m e o n e " " Y o u " " L o v e d L e w i s " " C a p a l d i
2 5 8 S a r à " " P e r c h é " " T i " " A m o R i c c h i " " e " " P o v e r i
2 5 9 L a " " C a s a d a L a s " " P a s t i l l a s " " D e l " " A b u e l o
2 6 0 L o v e " " S t o r y T a y l o r " " S w i f t
2 6 1 B u t a k e r a " " ( p a r t . " " A l a n " " G o m e z " " y " " E L " " N O B A ) L a " " J o a q u i
2 6 2 S c a r " " T i s s u e R e d " " H o t " " C h i l i " " P e p p e r s
2 6 3 a u g u s t T a y l o r " " S w i f t
2 6 4 Y o u ' r e " " B e a u t i f u l J a m e s " " B l u n t
2 6 5 D o n ' t " " C r y G u n s " " N ' " " R o s e s
2 6 6 N o s s o " " Q u a d r o A n a " " C a s t e l a
2 6 7 C a d a " " M o m e n t o C r i s t i a n " " C a s t r o
2 6 8 C r u e l " " S u m m e r T a y l o r " " S w i f t
2 6 9 T u " " M i s t e r i o s o " " A l g u i e n M i r a n d a ! " "
2 7 0 T h i n k i n g " " O u t " " L o u d E d " " S h e e r a n
2 7 1 K i l o m e t r o " " 1 1 S O L E D A D
2 7 2 O c é a n o s " " ( p a r t . " " C a r l e y " " R e d p a t h ) E v a n " " C r a f t
2 7 3 I " " D o n ' t " " W a n t " " T o " " M i s s " " a " " T h i n g A e r o s m i t h
2 7 4 H o y " " T e " " V i n i m o s " " a " " V e r B o c a " " J u n i o r s
2 7 5 Y o u " " B e l o n g " " W i t h " " M e T a y l o r " " S w i f t
2 7 6 F l o r " " Q u e " " D a " " F u l g o r D a n n a " " P a o l a
2 7 7 Q u i é n e s " " S o n ? L a l i
2 7 8 H e y " " A m o r K e " " P e r s o n a j e s
2 7 9 W i c k e d " " G a m e C h r i s " " I s a a k
2 8 0 T ú " " P r o v e e r á s " " ( p a r t . " " C h r i s t i n e " " D ' C l a r i o ) M a j o " " y " " D a n
2 8 1 A q u í " " T e " " E s p e r a r é " " - " " D í a " " & " " N o c h e T o m a " " T u " " L u g a r
2 8 2 V u e l t a " " P o r " " E l " " U n i v e r s o G u s t a v o " " C e r a t i
2 8 3 C u p i d o T I N I
2 8 4 E n t r e " " N o s o t r o s " " ( r e m i x ) " " ( p a r t . " " L I T " " k i l l a h , " " M a r i a " " B e c e r r a " " y " " N i c k i " " N i c o l e ) T i a g o " " P Z K
2 8 5 C O M O " " Y O " " T E " " Q U I E R O K H E A
2 8 6 C u p i d F I F T Y " " F I F T Y
2 8 7 E s p e j i s m o L o s " " R e d o n d i t o s " " d e " " R i c o t a
2 8 8 D o n ' t " " L o o k " " B a c k " " I n " " A n g e r O a s i s
2 8 9 W i t h " " O r " " W i t h o u t " " Y o u U 2
2 9 0 P a t i e n c e G u n s " " N ' " " R o s e s
2 9 1 D a l e " " M e c h a M e s i t a
2 9 2 l o v e l y " " ( f e a t . " " K h a l i d ) B i l l i e " " E i l i s h
2 9 3 C ó m o " " E s t á s K e " " P e r s o n a j e s
2 9 4 D e " " L a " " V i d a " " C o m o " " U n a " " P e l í c u l a " " y " " S u " " T r a g e d i a , " " C o m e d i a " " y " " F i c c i ó n C a n s e r b e r o
2 9 5 N U N C A " " V O Y " " S O L O " " ( p a r t . " " M i l o " " j ) K H E A
2 9 6 D o n ' t " " S t o p " " M e " " N o w Q u e e n
2 9 7 L a " " R e i n a " " B a t a t a M a r í a " " E l e n a " " W a l s h
2 9 8 A d i ó s " " A m o r " " & " " O y e " " M u j e r K e " " P e r s o n a j e s
2 9 9 O n l y " " L o v e " " C a n " " H u r t " " L i k e " " T h i s P a l o m a " " F a i t h
3 0 0 R o l l i n g " " I n " " T h e " " D e e p A d e l e
3 0 1 E n " " E l " " N o m b r e " " d e " " J e s ú s I n g r i d " " R o s a r i o
3 0 2 M i l " " H o r a s A n d r é s " " C a l a m a r o
3 0 3 T i m e P i n k " " F l o y d
3 0 4 P u m p e d " " U p " " K i c k s F o s t e r " " T h e " " P e o p l e
3 0 5 L i k e " " a " " S t o n e A u d i o s l a v e
3 0 6 D e " " M ú s i c a " " L i g e r a S o d a " " S t e r e o
3 0 7 P e a c h e s J a c k " " B l a c k
3 0 8 D e s d e " " L a " " C u n a B o c a " " J u n i o r s
3 0 9 B o c a " " M i " " V i d a " " E s " " A l e g r í a B o c a " " J u n i o r s
3 1 0 L a " " V i e " " E n " " R o s e É d i t h " " P i a f
3 1 1 I s " " T h i s " " L o v e ? B o b " " M a r l e y
3 1 2 P r i n c e s a L a s " " P a s t i l l a s " " D e l " " A b u e l o
3 1 3 E n j o y " " T h e " " S i l e n c e D e p e c h e " " M o d e
3 1 4 E n e m i g o s M a r a m a
3 1 5 Y a n d e l " " 1 5 0 " " ( p a r t . " " F e i d ) Y a n d e l
3 1 6 N o " " M e " " D i g a s " " Q u e " " S o s " " d e " " R o s i n C l u b " " A t l é t i c o " " I n d e p e n d i e n t e
3 1 7 M e " " L l a m a n " " P l e x " " M a m i " " ( R e m i x ) Y o S o y P l e x
3 1 8 H o l d " " T h e " " L i n e T o t o
3 1 9 D i m e " " S i " " E r e s " " F e l i z L a " " C h a m p i o n s " " L i g a
3 2 0 S i " " S e " " C a l l a " " E l " " C a n t o r H o r a c i o " " G u a r a n y
3 2 1 F u e " " L o " " M e j o r " " D e l " " A m o r R o d r i g o " " B u e n o
3 2 2 L a t i d o s M a t í a s " " V a l d e z
3 2 3 A l l " " T o o " " W e l l T a y l o r " " S w i f t
3 2 4 P i c a n " " L o s " " M o s q u i t o s L o s " " E n a n i t o s " " V e r d e s
3 2 5 V á m o n o s " " d e " " F i e s t a " " F a c t o r y B u k a n o
3 2 6 Y " " S i n " " E m b a r g o J o a q u í n " " S a b i n a
3 2 7 T é " " P a r a " " T r e s G u s t a v o " " C e r a t i
3 2 8 H e y " " J u d e T h e " " B e a t l e s
3 2 9 C o s a s " " I m p o s i b l e s G u s t a v o " " C e r a t i
3 3 0 D u s t " " I n " " T h e " " W i n d K a n s a s
3 3 1 A l a b a " " a " " D i o s D a n n y " " B e r r i o s
3 3 2 F l u o r e s c e n t " " A d o l e s c e n t A r c t i c " " M o n k e y s
3 3 3 I n c o n s c i e n t e " " C o l e c t i v o C h a r l y " " G a r c i a
3 3 4 M a r c h a " " P e r o n i s t a H u g o " " D e l " " C a r r i l
3 3 5 S o m e t h i n g " " J u s t " " L i k e " " T h i s " " ( f e a t . " " C o l d p l a y ) T h e " " C h a i n s m o k e r s
3 3 6 A n i m a l s M a r o o n " " 5
3 3 7 B e a u t i f u l T a n " " B i o n i c a
3 3 8 S e ñ o r e s " " S o y " " d e " " B o e d o S a n " " L o r e n z o
3 3 9 D a n c i n g " " Q u e e n A B B A
3 4 0 B a c k " " T o " " B l a c k A m y " " W i n e h o u s e
3 4 1 A d i ó s G u s t a v o " " C e r a t i
3 4 2 S l e n d e r m a n " " V s " " J e f f " " T h e " " K i l l e r D e i g a m e r
3 4 3 D o n ' t " " B l a m e " " M e T a y l o r " " S w i f t
3 4 4 B e t t e r " " M a n T a y l o r " " S w i f t
3 4 5 M o n s o o n T o k i o " " H o t e l
3 4 6 T r e s " " N o c h e s S u p e r " " Q u i n t e t o
3 4 7 S t a i r w a y " " T o " " H e a v e n L e d " " Z e p p e l i n
3 4 8 Y o u ' r e " " S t i l l " " T h e " " O n e S h a n i a " " T w a i n
3 4 9 L o " " Q u e " " M e " " D u e l e " " / " " Y " " Q u é " " P a s ó K e " " P e r s o n a j e s
3 5 0 B e f o r e " " Y o u " " G o L e w i s " " C a p a l d i
3 5 1 F r á g i l " " ( p a r t . " " V a l e n t i n a " " M a r q u e z ) Q ' " " L o k u r a
3 5 2 W e l c o m e " " T o " " T h e " " J u n g l e G u n s " " N ' " " R o s e s
3 5 3 S e ñ a l e s Y a m i " " S a f d i e
3 5 4 R a r a " " V e z " " ( p a r t . " " M i l o " " J ) T a i u
3 5 5 A d o r e " " Y o u H a r r y " " S t y l e s
3 5 6 I ' m " " N o t " " T h e " " O n l y " " O n e S a m " " S m i t h
3 5 7 D é j a m e " " Q u e " " M e " " V a y a E l " " C h a q u e ñ o " " P a l a v e c i n o
3 5 8 T u " " D e s p e d i d a R o b l e i s
3 5 9 H a y " " L i b e r t a d A r t " " A g u i l e r a
3 6 0 F i v e " " N i g h t s " " A t " " F r e d d y ' s " " S o n g T h e " " L i v i n g " " T o m b s t o n e
3 6 1 M i " " A m a n t e " " T r o v a d o r L o s " " M a n s e r o s " " S a n t i a g u e ñ o s
3 6 2 T e " " E s p e r a b a C a r l o s " " R i v e r a
3 6 3 S a y " " Y o u " " W o n ' t " " L e t " " G o J a m e s " " A r t h u r
3 6 4 T a k e " " M e " " T o " " C h u r c h H o z i e r
3 6 5 W h e n " " I " " W a s " " Y o u r " " M a n B r u n o " " M a r s
3 6 6 P i e l " " M o r e n a H o r a c i o " " G u a r a n y
3 6 7 D i e z " " A ñ o s " " D e s p u e s A n d r é s " " C a l a m a r o
3 6 8 C a r e l e s s " " W h i s p e r G e o r g e " " M i c h a e l
3 6 9 T e " " E s c a p a s " " D e " " M i s " " B r a z o s " " ( r e m i x ) " " ( p a r t . " " C a l l e j e r o " " F i n o " " y " " E l " " P e r r o ) E C K O
3 7 0 ​ t h e " " 1 T a y l o r " " S w i f t
3 7 1 A l e l u y a " " ( H a l l e l u j a h ) P a o l a " " M i r a n d a
3 7 2 C i n c o " " M i n u t o s L u c a s " " S u g o
3 7 3 E l " " R e i n o " " D e l " " R e v é s M a r í a " " E l e n a " " W a l s h
3 7 4 T o t a l " " E c l i p s e " " O f " " T h e " " H e a r t B o n n i e " " T y l e r
3 7 5 S n o w " " O n " " T h e " " B e a c h " " ( f e a t . " " L a n a " " D e l " " R e y ) T a y l o r " " S w i f t
3 7 6 M a r i p o s a " " T r i s t e D a n i e l " " T o r o
3 7 7 L o l a D U K I
3 7 8 F l y " " M e " " T o " " T h e " " M o o n F r a n k " " S i n a t r a
3 7 9 O o h " " A h h " " ( M y " " L i f e " " B e " " L i k e ) " " ( f e a t . " " t o b y M a c ) G r i t s
3 8 0 U n o E n r i q u e " " S a n t o s " " D i s c é p o l o
3 8 1 I s n ' t " " S h e " " L o v e l y S t e v i e " " W o n d e r
3 8 2 A " " T h o u s a n d " " Y e a r s G l e e
3 8 3 E s t r e l l i t a , " " ¿ D ó n d e " " E s t á s ? C a n c i o n e s " " I n f a n t i l e s
3 8 4 G i r l " " O n " " F i r e A l i c i a " " K e y s
3 8 5 L o v e " " Y o u r s e l f J u s t i n " " B i e b e r
3 8 6 I f " " I " " A i n ' t " " G o t " " Y o u A l i c i a " " K e y s
3 8 7 A l w a y s B o n " " J o v i
3 8 8 T u " " P a z M I L O " " J
3 8 9 N o s t a l g i a s C a r l o s " " G a r d e l
3 9 0 C r i s t o " " J e s ú s " " E r e s " " M i " " P l e n i t u d " " ( S i " " T e " " T e n g o " " a " " T i ) M a r c o s " " B r u n e t
3 9 1 M o n s t e r s J a m e s " " B l u n t
3 9 2 E l " " R e y I n t o x i c a d o s
3 9 3 S m e l l s " " L i k e " " T e e n " " S p i r i t N i r v a n a
3 9 4 I n " " M y " " L i f e T h e " " B e a t l e s
3 9 5 E n " " L o s " " B l o c k s " " L a " " P a s a n " " P i o l a F u e r t e " " A p a c h e
3 9 6 L a " " L e y " " y " " L a " " T r a m p a E l " " C h a q u e ñ o " " P a l a v e c i n o
3 9 7 R u t a " " 6 6 P a p p o
3 9 8 O b s e s i ó n " " ( p a r t . " " J u d y " " S a n t o s ) A v e n t u r a
3 9 9 S y m p a t h y " " F o r " " T h e " " D e v i l T h e " " R o l l i n g " " S t o n e s
4 0 0 T e a r s " " I n " " H e a v e n E r i c " " C l a p t o n
4 0 1 V u d u M I L O " " J
4 0 2 E l l a " " B a i l a " " S o l a " " ( p a r t . " " E s l a b o n " " A r m a d o ) P e s o " " P l u m a
4 0 3 C a r i t o L e ó n " " G i e c o
4 0 4 S á b a d o D i v i d i d o s
4 0 5 I t " " W a s " " A " " G o o d " " D a y I c e " " C u b e
4 0 6 C o n t r o l r " " Z e b a l l o s Z e b a l l o s
4 0 7 D e m o l i e n d o " " H o t e l e s C h a r l y " " G a r c i a
4 0 8 K a r m a " " P o l i c e R a d i o h e a d
4 0 9 T u m b a s " " D e " " L a " " G l o r i a F i t o " " P á e z
4 1 0 B o r n " " T h i s " " W a y L a d y " " G a g a
4 1 1 C a l l " " O u t " " M y " " N a m e T h e " " W e e k n d
4 1 2 S n a p R o s a " " L i n n
4 1 3 A l e l u y a C e n t r o " " M u n d i a l " " d e " " A v i v a m i e n t o
4 1 4 Z a m b a " " y " " A c u a r e l a R a l y " " B a r r i o n u e v o
4 1 5 C l i n t " " E a s t w o o d G o r i l l a z
4 1 6 T o m i R o b l e i s
4 1 7 F i e s t a " " e n " " e l " " D e s i e r t o M o n t e s a n t o
4 1 8 N o " " T e n g o " " M a n g o " " y " " V e n g o " " I g u a l " " ( S e l e c c i ó n " " A r g e n t i n a ) C a n c i o n e s " " d e " " F ú t b o l " " ( h i n c h a d a s )
4 1 9 I " " A m " " W o m a n E m m y " " M e l i
4 2 0 C h a n d e l i e r S i a
4 2 1 L u n a " " C a u t i v a L o s " " C h a l c h a l e r o s
4 2 2 C a r p a s " " d e " " S a l t a L o s " " C h a l c h a l e r o s
4 2 3 I " " M i s s " " Y o u b l i n k - 1 8 2
4 2 4 B i l l i e " " J e a n M i c h a e l " " J a c k s o n
4 2 5 T h e " " N i g h t s A v i c i i
4 2 6 W e s t " " C o a s t L a n a " " D e l " " R e y
4 2 7 A m o r e s " " C o m o " " E l " " N u e s t r o L o s " " C h a r r o s
4 2 8 T h e " " M a n " " W h o " " S o l d " " T h e " " W o r l d N i r v a n a
4 2 9 D a n z a n d o " " ( p a r t . " " C h r i s t i n e " " D ' C l a r i o , " " T r a v y " " J o e " " y " " D a n i e l " " C a l v e t i ) G a t e w a y " " W o r s h i p " " E s p a ñ o l
4 3 0 B l i n d i n g " " L i g h t s T h e " " W e e k n d
4 3 1 E s a " " T e " " D e j o K a r i n a , " " L a " " P r i n c e s i t a
4 3 2 L a v a " " ( E s p a ñ o l ) D i s n e y
4 3 3 A m a r " " C o m o " " T ú S t e v e n " " U n i v e r s o
4 3 4 Q u e e n c a r d " " ( 퀸 카 ) ( G ) I - D L E
4 3 5 V o s " " S o s " " A s í S a n " " L o r e n z o
4 3 6 E n r e d a d o s " " - " " M i " " S u e ñ o " " I d e a l D i s n e y
4 3 7 V e o " " E n " " T i " " L a " " L u z " " ( p a r t . " " C h a y a n n e ) D a n n a " " P a o l a
4 3 8 N o " " T e n g o " " G a n a s I n t o x i c a d o s
4 3 9 T o " " B e e f " " O r " " N o t " " T o " " B e e f I n d i o " " S o l a r i
4 4 0 E n a m o r a d a M i r a n d a ! " "
4 4 1 Y a " " F u e " " ( p a r t . " " L a " " T " " y " " L a " " M ) K e " " P e r s o n a j e s
4 4 2 D u l c e " " D o n c e l l a C a n c i o n e s " " R e l i g i o s a s
4 4 3 T u " " F a l t a " " d e " " Q u e r e r M o n " " L a f e r t e
4 4 4 R i v e r , " " M i " " B u e n " " A m i g o L o s " " B o r r a c h o s " " D e l " " T a b l ó n " " 1 4
4 4 5 L e v i t a t i n g D u a " " L i p a
4 4 6 . . . B a b y " " O n e " " M o r e " " T i m e B r i t n e y " " S p e a r s
4 4 7 H u n n i d s " " ( p a r t . " " C h e n ) B r y a n t " " M y e r s
4 4 8 P o r " " M i l " " N o c h e s A I R B A G
4 4 9 B a r b i e " " G i r l A q u a
4 5 0 B o n s a i A l a n " " S u t t o n " " y " " l a s " " C r i a t u r i t a s " " d e " " l a " " A n s i e d a d
4 5 1 C o t t o " " R n g " " - " " R I P " " G O N Z A L O " " M A B E L " " I I " " ( E l " " E n t i e r r o ) C o t t o " " R n g
4 5 2 c h a m p a g n e " " p r o b l e m s T a y l o r " " S w i f t
4 5 3 S a s h a " " S i s s i " " Y " " E l " " C i r c u l o " " d e " " B a b a F i t o " " P á e z
4 5 4 C a c h o r r o L a " " J o a q u i
4 5 5 C h a - L a " " H e a d - C h a - L a " " ( v e r s i ó n " " l a t i n o ) D r a g o n " " B a l l " " Z
4 5 6 T h u n d e r I m a g i n e " " D r a g o n s
4 5 7 C a n c i ó n " " P a r a " " M i " " M u e r t e S u i " " G e n e r i s
4 5 8 L a " " F i e s t a P e d r o " " C a p ó
4 5 9 P o i s o n " " H e a r t R a m o n e s
4 6 0 V i e n n a B i l l y " " J o e l
4 6 1 Z o m b i e T h e " " C r a n b e r r i e s
4 6 2 L a " " C u m b i a " " d e " " L o s " " V a q u e r o s B u k a n o
4 6 3 g o l d e n " " h o u r J V K E
4 6 4 O J A L Á M a r i a " " B e c e r r a
4 6 5 M i " " P i e l " " d e " " L e o n E l " " S u p e r " " d e " " O r o
4 6 6 H y m n " " F o r " " T h e " " W e e k e n d " " ( f e a t . " " B e y o n c é ) C o l d p l a y
4 6 7 C o n t i g o " " A p r e n d í A r m a n d o " " M a n z a n e r o
4 6 8 M o c k i n g b i r d E m i n e m
4 6 9 B i t e " " M e E N H Y P E N
4 7 0 L i s a Y o u n g " " M i k o
4 7 1 P A " " T R A " " R K T " " ( r e m i x ) " " ( p a r t . " " L - G a n t e , " " E C K O , " " K a l e b " " D i " " M a s i , " " H o m e r , " " P a p i c h a m p , " " J o h n " " C " " y " " F i l i " " W e y ) C a l l e j e r o " " F i n o
4 7 2 T i r o t e o " " ( r e m i x ) " " ( p a r t . " " R a u w " " A l e j a n d r o " " y " " P o l " " G r a n c h ) M a r c " " S e g u í
4 7 3 P e a c h e s " " ( f e a t . " " D a n i e l " " C a e s a r " " & " " G i v e o n ) J u s t i n " " B i e b e r
4 7 4 E n e m y " " ( f e a t . " " J . I . D ) I m a g i n e " " D r a g o n s
4 7 5 C h i q u i t i t a " " ( S p a n i s h " " V e r s i o n ) A B B A
4 7 6 R e " " L o c o " " ( R e m i x ) " " ( p a r t . " " K a l e b " " D i " " M a s i , " " T i r r i " " L a " " R o c a " " y " " D J " " A l e x ) P a p i c h a m p
4 7 7 C o l d " " H e a r t " " ( P N A U " " R e m i x ) " " ( f e a t . " " D u a " " L i p a ) E l t o n " " J o h n
4 7 8 O c é a n o s " " ( D o n d e " " M i s " " P i e s " " P u e d e n " " F a l l a r ) H i l l s o n g " " U n i t e d
4 7 9 D u s k " " T i l l " " D a w n " " ( f e a t . " " S i a ) Z A Y N
4 8 0 C o n g r a t u l a t i o n s " " ( f e a t . " " B i l a l ) M a c " " M i l l e r
4 8 1 T h e " " N i g h t " " W e " " M e t L o r d " " H u r o n
4 8 2 R i p t i d e V a n c e " " J o y
4 8 3 P r o m e s a s " " S o b r e " " E l " " B i d e t C h a r l y " " G a r c i a
4 8 4 S u p e r m a n " " ( f e a t . " " D i n a " " R a e ) E m i n e m
4 8 5 C a l i f o r n i c a t i o n R e d " " H o t " " C h i l i " " P e p p e r s
4 8 6 I D " " ( p a r t . " " J o w e l l " " & " " R a n d y ) Y o u n g " " M i k o
4 8 7 A u n q u e " " S e a " " E n " " O t r a " " V i d a " " ( P i r a " " S e s s i o n " " # 1 ) E u g e n i a " " Q u e v e d o
4 8 8 D i e " " F o r " " Y o u " " ( R e m i x ) " " ( f e a t . " " A r i a n a " " G r a n d e ) T h e " " W e e k n d
4 8 9 V o l a n d o " " ( r e m i x ) " " ( p a r t . " " B a d " " B u n n y " " y " " S e c h ) M o r a
4 9 0 死 ぬ の が い い わ " " ( s h i n u n o g a " " e - w a ) F u j i i " " K a z e
4 9 1 H a y " " Q u e " " G a n a r " " L a " " C o p a " " L i b e r t a d o r e s L a " " G u a r d i a " " I m p e r i a l
4 9 2 R o a r K a t y " " P e r r y
4 9 3 S I N " " C O R A Z Ó N K H E A
4 9 4 A l a d d í n " " - " " U n " " M u n d o " " I d e a l D i s n e y
4 9 5 P a d r e " " N u e s t r o M a r c o s " " B r u n e t
4 9 6 U m b r e l l a " " ( f e a t . " " J a y - Z ) R i h a n n a
4 9 7 L a " " n o c h e r a L o s " " C h a l c h a l e r o s
4 9 8 L o " " M á s " " L i n d o L a s " " P a s t i l l a s " " D e l " " A b u e l o
4 9 9 T e " " M e n t i r í a L a " " K ' o n g a
5 0 0 E l " " A r t e " " d e " " Q u e r e r N a h u e l " " P e n n i s i
5 0 1 A n t e s " " d e " " Q u e " " T e " " V a y a s " " A l " " D e s c e n s o B o c a " " J u n i o r s
5 0 2 J u s t " " T h e " " W a y " " Y o u " " A r e B r u n o " " M a r s
5 0 3 L i n g e r T h e " " C r a n b e r r i e s
5 0 4 C o m f o r t a b l y " " N u m b P i n k " " F l o y d
5 0 5 H o w " " D e e p " " I s " " Y o u r " " L o v e B e e " " G e e s
5 0 6 H i s t o r i a " " d e " " T a x i R i c a r d o " " A r j o n a
5 0 7 P a r a " " E l " " R o j o " " P o r " " F a v o r L a " " G u a r d i a " " I m p e r i a l
5 0 8 S o m e b o d y " " T h a t " " I " " U s e d " " T o " " K n o w " " ( f e a t . " " K i m b r a ) G o t y e
5 0 9 B l o o d y " " M a r y L a d y " " G a g a
5 1 0 E l " " M a s " " G r a n d e " " S i g u e " " S i e n d o " " R i v e r " " P l a t e R i v e r " " P l a t e
5 1 1 H a l l e l u j a h L e o n a r d " " C o h e n
5 1 2 Q u e s t i o n . . . ? T a y l o r " " S w i f t
5 1 3 L A " " N E N A " " D E " " A R G E N T I N A M a r i a " " B e c e r r a
5 1 4 V i e j o " " K a r m a L a s " " P a s t i l l a s " " D e l " " A b u e l o
5 1 5 R o m p e c a b e z a s " " d e " " A m o r L a s " " P a s t i l l a s " " D e l " " A b u e l o
5 1 6 K n o c k i n ' " " O n " " H e a v e n ' s " " D o o r G u n s " " N ' " " R o s e s
5 1 7 E l " " B o l e r o " " ( p a r t . " " M i l o " " J ) Y a m i " " S a f d i e
5 1 8 Y o u ' r e " " O n " " Y o u r " " O w n , " " K i d T a y l o r " " S w i f t
5 1 9 N a d a " " E s " " P a r a " " S i e m p r e F a b i a n a " " C a n t i l o
5 2 0 I " " W a n t " " T o " " K n o w " " W h a t " " L o v e " " I s F o r e i g n e r
5 2 1 T h e " " M a n T a y l o r " " S w i f t
5 2 2 C o m o " " D o s " " E x t r a ñ o s R o b e r t o " " G o y e n e c h e
5 2 3 C a l l " " I t " " W h a t " " Y o u " " W a n t T a y l o r " " S w i f t
5 2 4 O t h e r s i d e R e d " " H o t " " C h i l i " " P e p p e r s
5 2 5 D a l e " " D a l e " " B o c a B o c a " " J u n i o r s
5 2 6 T h e " " W a y " " I " " L o v e d " " Y o u T a y l o r " " S w i f t
5 2 7 A n o t h e r " " B r i c k " " I n " " T h e " " W a l l " " ( P t . " " 2 ) P i n k " " F l o y d
5 2 8 N o " " M e " " I m p o r t a " " E l " " D i n e r o L o s " " A u t é n t i c o s " " D e c a d e n t e s
5 2 9 I N T E R L U V " " R C P " " < / 3 " " ( p a r t . " " A s a n ) K H E A
5 3 0 t r a i t o r O l i v i a " " R o d r i g o
5 3 1 h a p p i e r O l i v i a " " R o d r i g o
5 3 2 H o m e E d i t h " " W h i s k e r s
5 3 3 H a b i a " " U n a " " V e z I n d i o " " S o l a r i
5 3 4 H e l l o A d e l e
5 3 5 S u g a r M a r o o n " " 5
5 3 6 J i " " J i " " J i L o s " " R e d o n d i t o s " " d e " " R i c o t a
5 3 7 B e a s t " " O f " " B u r d e n T h e " " R o l l i n g " " S t o n e s
5 3 8 D o n ' t " " S p e a k N o " " D o u b t
5 3 9 G a r o t a " " d e " " I p a n e m a T o m " " J o b i m
5 4 0 ​ m y " " t e a r s " " r i c o c h e t T a y l o r " " S w i f t
5 4 1 P a p e r " " R i n g s T a y l o r " " S w i f t
5 4 2 C a n t i t o " " U n i d o s " " y " " O r g a n i z a d o s " " ( Y a " " d e " " B e b é ) L a " " C a m p o r a
5 4 3 S t a y " " W i t h " " M e M i k i " " M a t s u b a r a
5 4 4 C o m e " " A n d " " G e t " " Y o u r " " L o v e R e d b o n e
5 4 5 D i a m o n d s R i h a n n a
5 4 6 C a m b a l a c h e C a r l o s " " G a r d e l
5 4 7 E s t r a n g e d G u n s " " N ' " " R o s e s
5 4 8 E n t r é g a t e Z o e " " G o t u s s o
5 4 9 M e " " J u e g o " " E l " " C o r a z ó n ? L a s " " P a s t i l l a s " " D e l " " A b u e l o
5 5 0 T w i s t " " D e l " " M o n o " " L i s o M a r í a " " E l e n a " " W a l s h
5 5 1 S o l o " " T e " " P i d o L a s " " P a s t i l l a s " " D e l " " A b u e l o
5 5 2 F i e r a " " I n q u i e t a P a s i ó n " " d e " " G a v i l a n e s
5 5 3 I " " W a n t " " T o " " B r e a k " " F r e e Q u e e n
5 5 4 C u a n d o " " C o m e n z a m o s " " A " " N a c e r S u i " " G e n e r i s
5 5 5 Y i r a , " " Y i r a C a r l o s " " G a r d e l
5 5 6 C O N " " U N " " B E S O K H E A
5 5 7 Y o u " " N e e d " " T o " " C a l m " " D o w n T a y l o r " " S w i f t
5 5 8 E l l a " " y " " Y o A v e n t u r a
5 5 9 N a d a J u l i o " " S o s a
5 6 0 P r o u d " " M a r y T i n a " " T u r n e r
5 6 1 L a " " N o c h e " " S i n " " T i L o s " " H u a y r a
5 6 2 S u m m e r t i m e " " S a d n e s s L a n a " " D e l " " R e y
5 6 3 C a n c i ó n " " d e l " " J a r d i n e r o M a r í a " " E l e n a " " W a l s h
5 6 4 C r e o C a l l e j e r o s
5 6 5 W h i t e " " F l a g D i d o
5 6 6 S e " " v a " " 1 " " l l e g a n " " 2 N i c k i " " N i c o l e
5 6 7 D a y l i g h t D a v i d " " K u s h n e r
5 6 8 h A R A k i R i " " ( p a r t . " " C . R . O ) D U K I
5 6 9 D a n d e l i o n s R u t h " " B .
5 7 0 U n a " " G i t a n a " " H e r m o s a " " T i r o " " L a s " " C a r t a s L o s " " B o r r a c h o s " " D e l " " T a b l ó n " " 1 4
5 7 1 N u m b L i n k i n " " P a r k
5 7 2 M e " " P o r t o " " B o n i t o " " ( p a r t . " " C h e n c h o " " C o r l e o n e ) B a d " " B u n n y
5 7 3 P o e s í a " " d e " " L a " " O s c u r i d a d C . R . O " "
5 7 4 M a r y " " O n " " a " " C r o s s G h o s t
5 7 5 S e e " " Y o u " " A g a i n " " ( f e a t . " " K a l i " " U c h i s ) T y l e r , " " T h e " " C r e a t o r
5 7 6 M o a n a " " - " " C u á n " " L e j o s " " V o y D i s n e y
5 7 7 L o c k e d " " O u t " " O f " " H e a v e n B r u n o " " M a r s
5 7 8 B r i l l a n t e " " S o b r e " " E l " " M i c F i t o " " P á e z
5 7 9 S h o u l d " " I " " S t a y " " O r " " S h o u l d " " I " " G o T h e " " C l a s h
5 8 0 S t a r t " " M e " " U p T h e " " R o l l i n g " " S t o n e s
5 8 1 W o m a n J o h n " " L e n n o n
5 8 2 P u e n t e G u s t a v o " " C e r a t i
5 8 3 A " " L i t t l e " " R e s p e c t E r a s u r e
5 8 4 F r i d a y " " I ' m " " I n " " L o v e T h e " " C u r e
5 8 5 J e r e m í a s " " 1 7 - 5 C a n s e r b e r o
5 8 6 V i d e o " " G a m e s L a n a " " D e l " " R e y
5 8 7 H i m n o " " d e " " B o c a " " J u n i o r s B o c a " " J u n i o r s
5 8 8 L a " " L l a v e A b e l " " P i n t o s
5 8 9 A n g e l s " " ( S p a n i s h " " V e r s i o n ) R o b b i e " " W i l l i a m s
5 9 0 C a n t a t a " " d e " " P u e n t e s " " A m a r i l l o s L u i s " " A l b e r t o " " S p i n e t t a
5 9 1 T u " " A m o r C h a r l y " " G a r c i a
5 9 2 T h e " " S h o w " " M u s t " " G o " " O n Q u e e n
5 9 3 S u n f l o w e r " " ( f e a t . " " S w a e " " L e e ) P o s t " " M a l o n e
5 9 4 C h a c h a c h á J ó s e a n " " L o g
5 9 5 D e " " P e n d e j o " " T e " " S i g o L a " " G u a r d i a " " I m p e r i a l
5 9 6 B a c k " " I n " " B l a c k A C / D C
5 9 7 M e " " E n a m o r é A g r u p a c i ó n " " M a r i l y n
5 9 8 S e g u i r " " V i v i e n d o " " S i n " " T u " " A m o r L u i s " " A l b e r t o " " S p i n e t t a
5 9 9 B r u j e r í a L o s " " T i p i t o s
6 0 0 S w e e t " " D r e a m s " " ( A r e " " M a d e " " O f " " T h i s ) " " ( f e a t . " " A n n i e " " L e n n o x " " & " " D a v e " " S t e w a r t ) E u r y t h m i c s
6 0 1 L u n a " " T u c u m a n a M e r c e d e s " " S o s a
6 0 2 F a t h e r " " A n d " " S o n C a t " " S t e v e n s
6 0 3 M a r i p o s a " " T e c k n i c o l o r F i t o " " P á e z
6 0 4 F l a c a A n d r é s " " C a l a m a r o
6 0 5 D u e l e s S e l e " " V e r a " " y " " P a m p a s " " d e " " B a r i l o c h e
6 0 6 R e n é R e s i d e n t e
6 0 7 C r i m e n G u s t a v o " " C e r a t i
6 0 8 F l a M I L O " " J
6 0 9 E l " " B e r m e j o " " y " " Y o L a s " " V o c e s " " d e " " O r a n
6 1 0 M I E N T R A S " " M E " " C U R O " " D E L " " C O R A K A R O L " " G
6 1 1 M a r i s o l a " " ( r e m i x ) " " ( p a r t . " " S t a n d l y , " " D u k i " " y " " N i c k i " " N i c o l e ) C r i s " " M j
6 1 2 ¿ P u e d o " " R a p e a r " " M á s " " R á p i d o " " Q u e " " Z a r c o r t ? " " ( p a r t . " " K r o n n o ) Z a r c o r t
6 1 3 D e l i c a t e T a y l o r " " S w i f t
6 1 4 D e j e m o s l o " " A s í C h i p o t e
6 1 5 S t r e s s e d " " O u t T w e n t y " " O n e " " P i l o t s
6 1 6 C a n t o " " V e r s o s J o r g e " " F a n d e r m o l e
6 1 7 L a " " C u l t u r a " " E s " " L a " " S o n r i s a L e ó n " " G i e c o
6 1 8 A s e r e j é " " ( T h e " " K e t c h u p " " S o n g ) " " ( s p a n i s h " " v e r s i o n ) L a s " " K e t c h u p
6 1 9 H i t " " T h e " " R o a d " " J a c k R a y " " C h a r l e s
6 2 0 Q U A V O " " ( p a r t . " " N e o " " P i s t é a " " y " " Y s y " " A ) D U K I
6 2 1 L a " " M e l o d i a " " d e " " D i o s T a n " " B i o n i c a
6 2 2 M a g i a G u s t a v o " " C e r a t i
6 2 3 L a s " " D e m á s B a b a s ó n i c o s
6 2 4 C o m o " " E r a n " " L a s " " C o s a s B a b a s ó n i c o s
6 2 5 J a m a s K a r i n a
6 2 6 C o n t i g o " " M e " " G u s t a L e o " " M a t t i o l i
6 2 7 N o n , " " J e " " N e " " R e g r e t t e " " R i e n É d i t h " " P i a f
6 2 8 I ' m " " N o t " " I n " " L o v e 1 0 c c
6 2 9 N e v e r " " G o n n a " " G i v e " " Y o u " " U p R i c k " " A s t l e y
6 3 0 e v e r y t h i n g " " i " " w a n t e d B i l l i e " " E i l i s h
6 3 1 P u n t o " " F i n a l K o l i " " A r c e
6 3 2 S e " " P r e p a r ó O z u n a
6 3 3 R o J o , Y o " " t e " " P e r s i g o C l u b " " A t l é t i c o " " I n d e p e n d i e n t e
6 3 4 M i " " D u l c e " " L e c h o n a E l " " P e r r o
6 3 5 C o n j u n t o " " P e n a " " Y " " O l v i d o M a r i o " " B o f i l l
6 3 6 S e m i n a r e C h a r l y " " G a r c i a
6 3 7 M i " " B u e n o s " " A i r e s " " Q u e r i d o C a r l o s " " G a r d e l
6 3 8 C a r n e " " y " " H u e s o T I N I
6 3 9 T h e " " A r c h e r T a y l o r " " S w i f t
6 4 0 F u e r a K a r i n a , " " L a " " P r i n c e s i t a
6 4 1 W a k a " " W a k a " " ( E s t o " " E s " " Á f r i c a ) S h a k i r a
6 4 2 M i r t a " " D e " " R e g r e s o J u a n " " C a r l o s " " B a g l i e t t o
6 4 3 T h e " " H o u s e " " O f " " T h e " " R i s i n g " " S u n T h e " " A n i m a l s
6 4 4 A l f o n s i n a " " y " " E l " " M a r M e r c e d e s " " S o s a
6 4 5 1 9 " " D í a s " " y " " 5 0 0 " " N o c h e s J o a q u í n " " S a b i n a
6 4 6 L a u r a " " N o " " E s t á N e k
6 4 7 I t ' s " " a " " H e a r t a c h e B o n n i e " " T y l e r
6 4 8 A l " " L a d o " " D e l " " C a m i n o F i t o " " P á e z
6 4 9 H i g h w a y " " T o " " H e l l A C / D C
6 5 0 V i k i n g o s " " ( p a r t . " " L a " " J o a q u i ) M i g r a n t e s
6 5 1 T e " " E s c r i b o " " D e s d e " " E l " " S u r H u g o " " G i m e n e z " " A g ú e r o
6 5 2 A d v e n t u r e " " O f " " a " " L i f e t i m e C o l d p l a y
6 5 3 T r e s " " N o c h e s L o s " " D i a b l i t o s
6 5 4 S i " " N o " " T e " " H u b i e r a s " " I d o M a r c o " " A n t o n i o " " S o l í s
6 5 5 F i e l M a j o " " y " " D a n
6 5 6 T h e " " G r e a t " " W a r T a y l o r " " S w i f t
6 5 7 I n " " Y o u r " " E y e s T h e " " W e e k n d
6 5 8 O n c e m i l A b e l " " P i n t o s
6 5 9 E a r n e d " " I t T h e " " W e e k n d
6 6 0 T h e " " S c a t m a n S c a t m a n " " J o h n
6 6 1 B i t t e r " " S w e e t " " S y m p h o n y T h e " " V e r v e
6 6 2 ( E v e r y t h i n g " " I " " D o ) " " I " " D o " " I t " " F o r " " Y o u B r y a n " " A d a m s
6 6 3 P r o h i b i d o C a l l e j e r o s
6 6 4 D o n ' t " " S t o p T h e " " R o l l i n g " " S t o n e s
6 6 5 Y o u t i f u l S t r a y " " K i d s
6 6 6 C o m o " " E n " " P e n t e c o s t é s M e l a n i e " " Z a p a t a
6 6 7 A L " " B O R D E M I L O " " J
6 6 8 D a m e " " T u " " A l e g r í @ " " ( p a r t . " " L a " " B a n d a " " D e " " C a r l i t o s ) E u g e n i a " " Q u e v e d o
6 6 9 E l " " Á r b o l " " d e " " L a " " V i d a V i e j a s " " L o c a s
6 7 0 T u " " M i s t e r i o s o " " A l g u i e n " " ( p a r t . " " A n d r é s " " C a l a m a r o ) M i r a n d a ! " "
6 7 1 P e a c h e s " " P o r " " B o w s e r " " ( V e r s i ó n " " E s p a ñ o l ) J a c k " " B l a c k
6 7 2 S H A K I R A " " ( B Z R P " " M u s i c " " S e s s i o n s " " # 5 3 ) B i z a r r a p
6 7 3 D i d " " y o u " " k n o w " " t h a t " " t h e r e ' s " " a " " t u n n e l " " u n d e r " " O c e a n " " B l v d L a n a " " D e l " " R e y
6 7 4 C i u d a d " " G r i s C . R . O " "
6 7 5 Q u e r i d a " " R o s a C A M I
6 7 6 W a k e " " M e " " U p " " ( f e a t . " " A l o e " " B l a c c ) A v i c i i
6 7 7 A g u a s " " P r o f u n d a s M a r c o s " " B r u n e t
6 7 8 A " " L a s " " N u e v e N o " " T e " " V a " " G u s t a r
6 7 9 M a n u e l i t a " " L a " " T o r t u g a M a r í a " " E l e n a " " W a l s h
6 8 0 P i n i n f a r i n a " " ( r e m i x ) " " ( p a r t . " " N e o " " P i s t e a " " y " " D U K I ) R e i
6 8 1 H o m b r e s " " d e " " A c c i ó n M u l a n
6 8 2 T h e " " H a r d e s t " " P a r t C o l d p l a y
6 8 3 Y o u r " " L o v e T h e " " O u t f i e l d
6 8 4 T r a i d o r a " " ( p a r t . " " D J " " A l e x ) L a " " J o a q u i
6 8 5 L o v e " " M e " " L i k e " " Y o u " " D o E l l i e " " G o u l d i n g
6 8 6 W i l d e s t " " D r e a m s T a y l o r " " S w i f t
6 8 7 S t a y " " W i t h " " M e S a m " " S m i t h
6 8 8 C a r n a v a l i t o " " ( E l " " H u m a h u a q u e n o ) K i n g " " A f r i c a
6 8 9 U n a " " V e l a I n t o x i c a d o s
6 9 0 O l v i d a m e " " y " " P e g a " " L a " " V u e l t a P i m p i n e l a
6 9 1 U n d e r " " P r e s s u r e " " ( f e a t . " " D a v i d " " B o w i e ) Q u e e n
6 9 2 C h o p " " S u e y ! S y s t e m " " O f " " A " " D o w n
6 9 3 O n " " M e l a n c h o l y " " H i l l G o r i l l a z
6 9 4 C o m o " " L a " " C i g a r r a M a r í a " " E l e n a " " W a l s h
6 9 5 E s t a c i ó n S u i " " G e n e r i s
6 9 6 R u n a w a y " " T r a i n S o u l " " A s y l u m
6 9 7 S o m e t h i n g T h e " " B e a t l e s
6 9 8 A n g e l " " P t . " " 1 " " ( f e a t . " " K o d a k " " B l a c k , " " N L E " " C h o p p a , " " J V K E " " & " " M u n i " " L o n g ) J i m i n " " ( B T S )
6 9 9 P a j a r o " " C a n t o r A b e l " " P i n t o s
7 0 0 L a " " V a c a " " L o l a L a " " G r a n j a " " d e " " Z e n ó n
7 0 1 C a r ' s " " O u t s i d e J a m e s " " A r t h u r
7 0 2 S t a r b o y " " ( f e a t . " " D a f t " " P u n k ) T h e " " W e e k n d
7 0 3 I n s t a n t " " C r u s h " " ( f e a t . " " J u l i a n " " C a s a b l a n c a s ) D a f t " " P u n k
7 0 4 E n t r e " " a " " M i " " P a g o " " S i n " " G o l p e a r L o s " " M a n s e r o s " " S a n t i a g u e ñ o s
7 0 5 A " " T u " " M a n e r a C . R . O " "
7 0 6 E l " " R u i s e ñ o r , " " E l " " A m o r " " y " " L a " " M u e r t e I n d i o " " S o l a r i
7 0 7 A f t e r g l o w T a y l o r " " S w i f t
7 0 8 P e r f e c t a M i r a n d a ! " "
7 0 9 R e z o " " P o r " " V o s L u i s " " A l b e r t o " " S p i n e t t a
7 1 0 S n o w " " ( H e y " " O h ) R e d " " H o t " " C h i l i " " P e p p e r s
7 1 1 L a g o " " e n " " e l " " C i e l o G u s t a v o " " C e r a t i
7 1 2 Z a f a r L a " " V e l a " " P u e r c a
7 1 3 S h e " " W i l l " " B e " " L o v e d M a r o o n " " 5
7 1 4 C u a n d o " " M e " " E n a m o r o " " ( p a r t . " " J u a n " " L u i s " " G u e r r a ) E n r i q u e " " I g l e s i a s
7 1 5 C u a n d o " " E s t e s " " M a l C h a r l y " " G a r c i a
7 1 6 V o l a r e " " ( N e l " " B l u " " D i p i n t o " " D i " " B l u ) D o m e n i c o " " M o d u g n o
7 1 7 P a r a " " N o " " O l v i d a r R i v e r " " P l a t e
7 1 8 N o " " S u r p r i s e s R a d i o h e a d
7 1 9 I t " " M u s t " " H a v e " " B e e n " " L o v e R o x e t t e
7 2 0 T h r e e " " L i t t l e " " B i r d s B o b " " M a r l e y
7 2 1 W O W " " ( p a r t . " " N e o " " P i s t e a , " " L u c h o " " S S J " " y " " O b i e " " W a n s h o t ) C . R . O " "
7 2 2 P a ' " " L a " " S e l e c c i ó n L a " " T " " y " " L a " " M
7 2 3 M a n ! " " I " " F e e l " " L i k e " " a " " W o m a n S h a n i a " " T w a i n
7 2 4 T r á t a m e " " S u a v e m e n t e S o d a " " S t e r e o
7 2 5 W h a t " " I s " " L o v e H a d d a w a y
7 2 6 B l a c k b i r d T h e " " B e a t l e s
7 2 7 R e s t F o o " " F i g h t e r s
7 2 8 U n i v e r s o " " P a r a l e l o " " ( p a r t . " " N a h u e l " " P e n n i s i ) L a " " K ' o n g a
7 2 9 E n t r e " " V o s , " " Y o " " y " " E l " " C i e l o L a " " L i g a
7 3 0 H a s t a " " L a " " R a í z N a t a l i a " " L a f o u r c a d e
7 3 1 Z a m b a " " D e " " L o z a n o M e r c e d e s " " S o s a
7 3 2 V o y " " a " " C o m e r t e " " E l " " C o r a z ó n " " a " " B e s o s L o s " " N o c h e r o s
7 3 3 E l " " T e s o r o " " d e " " L o s " " I n o c e n t e s I n d i o " " S o l a r i
7 3 4 N o " " P o d r á s C r i s t i a n " " C a s t r o
7 3 5 E v e r y b o d y ' s " " C h a n g i n g K e a n e
7 3 6 F r á g i l " " ( p a r t . " " E u g e n i a " " Q u e v e d o ) L a " " B a n d a " " d e " " C a r l i t o s
7 3 7 M i d n i g h t " " R a i n T a y l o r " " S w i f t
7 3 8 Y e s h u a : " " Q u i e r o " " C o n o c e r " " a " " J e s ú s L l é v a m e " " d e " " V u e l t a
7 3 9 E s c a p a t e " " C o n m i g o Ñ e j o
7 4 0 L a " " V a c a " " E s t u d i o s a M a r í a " " E l e n a " " W a l s h
7 4 1 F e e l R o b b i e " " W i l l i a m s
7 4 2 P r i v a t e " " D a n c e r T i n a " " T u r n e r
7 4 3 T h e " " U n f o r g i v e n M e t a l l i c a
7 4 4 A m e n o E r a
7 4 5 D o n ' t " " D r e a m " " I t ' s " " O v e r C r o w d e d " " H o u s e
7 4 6 P r e t t y " " P l e a s e D u a " " L i p a
7 4 7 M i s s " " A m e r i c a n a " " & " " T h e " " H e a r t b r e a k " " P r i n c e T a y l o r " " S w i f t
7 4 8 M i r r o r s J u s t i n " " T i m b e r l a k e
7 4 9 L a " " S u e r t e " " E s t a " " E c h a d a T a n " " B i o n i c a
7 5 0 U n h o l y " " ( f e a t . " " K i m " " P e t r a s ) S a m " " S m i t h
7 5 1 A U T O M Á T I C O M a r i a " " B e c e r r a
7 5 2 M e " " E n s e ñ a s t e " " ( r e m i x ) " " ( p a r t . " " D u k i ) S a e l
7 5 3 Q u e " " S e " " H a g a " " F á c i l " " ( p a r t . " " N a h u e l " " T h e " " C o a c h ) K e " " P e r s o n a j e s
7 5 4 C a n ’ t " " F e e l " " M y " " F a c e T h e " " W e e k n d
7 5 5 R e i n a " " M o m o L o s " " R e d o n d i t o s " " d e " " R i c o t a
7 5 6 M y " " I m m o r t a l A m y " " L e e
7 5 7 Z a m b a " " P a r a " " O l v i d a r t e " " ( p a r t . " " D i e g o " " T o r r e s ) M e r c e d e s " " S o s a
7 5 8 H o n r a r " " L a " " V i d a E l a d i a " " B l á z q u e z
7 5 9 A m o r " " A m a r i l l o G u s t a v o " " C e r a t i
7 6 0 I n f l u e n c i a C h a r l y " " G a r c i a
7 6 1 I s " " T h i s " " L o v e W h i t e s n a k e
7 6 2 S a c r i f i c e E l t o n " " J o h n
7 6 3 O n e U 2
7 6 4 M a d r i d " " ( p a r t . " " J u a n k a ) J a i r o " " V e r a
7 6 5 N e e d " " ( U n r e l e a s e d ) T a y l o r " " S w i f t
7 6 6 B e j e w e l e d T a y l o r " " S w i f t
7 6 7 Y o " " S o l o " " Q u i e r o " " Q u e " " L l e g u e " " E s e " " D o m i n g o C l u b " " A t l é t i c o " " I n d e p e n d i e n t e
7 6 8 O n e " " A n d " " O n l y A d e l e
7 6 9 D e s p u é s " " d e " " T i A l e j a n d r o " " L e r n e r
7 7 0 S o m e b o d y " " T o " " L o v e Q u e e n
7 7 1 P e n u m b r a s S a n d r o
7 7 2 W h a t " " a " " W o n d e r f u l " " W o r l d L o u i s " " A r m s t r o n g
7 7 3 B y e P e s o " " P l u m a
7 7 4 M u ñ e c a s " " ( p a r t . " " L a " " J o a q u i " " y " " S t e v e " " A o k i ) T I N I
7 7 5 P a s t " " L i v e s B ø r n s
7 7 6 C a e " " E l " " S o l A I R B A G
7 7 7 I n " " T h i s " " S h i r t T h e " " I r r e p r e s s i b l e s
7 7 8 C h a c a r e r a " " D e l " " O l v i d o E l " " C h a q u e ñ o " " P a l a v e c i n o
7 7 9 A s í " " C o m o " " D a v i d " " D a n z a b a I g l e s i a " " d e " " C r i s t o " " E b e n e z e r " " H o n d u r a s
7 8 0 E l " " T u e r t o " " Y " " L o s " " C i e g o s S u i " " G e n e r i s
7 8 1 C h u p a c h i c h i C é s a r " " y " " s u " " G r u p o " " F e l i c i d a d
7 8 2 D E S C A R T A B L E W O S
7 8 3 M o o n l i g h t K a l i " " U c h i s
7 8 4 F á b u l a " " d e " " A m o r L o s " " C h a n g o s
7 8 5 G a t o " " D e l " " F e s t i v a l R a l y " " B a r r i o n u e v o
7 8 6 T i m e s " " L i k e " " T h e s e F o o " " F i g h t e r s
7 8 7 S o n n e R a m m s t e i n
7 8 8 T I E R R A " " Z A N T A " " ( p a r t . " " V i c t o r " " H e r e d i a ) T r u e n o
7 8 9 A " " M i " " M a n e r a C a c h o " " C a s t a ñ a
7 9 0 P o r " " Q u é F l o r i c i e n t a
7 9 1 P l e a s e " " F o r g i v e " " M e B r y a n " " A d a m s
7 9 2 M ú s i c a T a n " " B i o n i c a
7 9 3 K i l l i n g " " I n " " T h e " " N a m e R a g e " " A g a i n s t " " T h e " " M a c h i n e
7 9 4 H e r e " " W i t h o u t " " Y o u 3 " " D o o r s " " D o w n
7 9 5 G i r l s " " J u s t " " W a n t " " T o " " H a v e " " F u n C y n d i " " L a u p e r
7 9 6 L o s " " D i n o s a u r i o s C h a r l y " " G a r c i a
7 9 7 B l a c k P e a r l " " J a m
7 9 8 P a r e c e " " M e n t i r a D i e g o " " T o r r e s
7 9 9 M a t i l d a H a r r y " " S t y l e s
8 0 0 P a r t " " O f " " Y o u r " " W o r l d S o f i a " " C a r s o n
8 0 1 T u m b a n d o " " E l " " C l u b " " ( R e m i x ) " " ( p a r t . " " C . R . O , " " O b i e w a n s h o t , " " Y s y " " A , " " C a z z u , " " K h e a , " " L u c h o " " S S J , " " C o q e é i n " " M o n t a n a , " " M a r c i a n o s " " C r e w " " y " " D u k i ) N e o " " P i s t e a
8 0 2 # C Y P H E R " " V O L . 1 " " ( p a r t . " " S a n t o z , " " K e l o , " " K u n d o , " " B r a p i s , " " U r b a n s e " " y " " S a j e ) A c r u
8 0 3 M e " " G u s t a C i r o " " Y " " L o s " " P e r s a s
8 0 4 A n t e s " " Y " " D e s p u é s C i r o " " Y " " L o s " " P e r s a s
8 0 5 O n l y " " G i r l " " ( I n " " T h e " " W o r l d ) R i h a n n a
8 0 6 S n u f f S l i p k n o t
8 0 7 C o m o " " O l v i d a r l a R o d r i g o " " B u e n o
8 0 8 M a r y " " P o p p i n s " " y " " E l " " D e s h o l l i n a d o r F a b i a n a " " C a n t i l o
8 0 9 E l " " F a n t a s m a Á r b o l
8 1 0 E n " " L a " " C i u d a d " " d e " " L a " " F u r i a S o d a " " S t e r e o
8 1 1 D o n ' t " " L e t " " M e " " D o w n T h e " " B e a t l e s
8 1 2 T h e " " T e a c h e r F o o " " F i g h t e r s
8 1 3 S o r r y J u s t i n " " B i e b e r
8 1 4 R i d e T w e n t y " " O n e " " P i l o t s
8 1 5 F u e r z a " " N a t u r a l G u s t a v o " " C e r a t i
8 1 6 M a r i p o s a s L o s " " E n a n i t o s " " V e r d e s
8 1 7 N a d i e " " E s " " P e r f e c t o L o s " " R e d o n d i t o s " " d e " " R i c o t a
8 1 8 E s a " " E s t r e l l a " " E r a " " M i " " L u j o L o s " " R e d o n d i t o s " " d e " " R i c o t a
8 1 9 I t ' s " " M y " " L i f e B o n " " J o v i
8 2 0 A b r e " " H o y " " L o s " " C i e l o s R e y " " d e " " R e y e s
8 2 1 F u i m o s H o m e r o " " M a n z i
8 2 2 T e m o r C . R . O " "
8 2 3 A m á r r a m e " " ( p a r t . " " E u g e " " Q u e v e d o ) E l " " L o c o " " A m a t o
8 2 4 C i n n a m o n " " G i r l L a n a " " D e l " " R e y
8 2 5 Q u e r e r " " Q u e r e r n o s C a n s e r b e r o
8 2 6 C r i s i s L a s " " P a s t i l l a s " " D e l " " A b u e l o
8 2 7 B a b y " " ( f e a t . " " L u d a c r i s ) J u s t i n " " B i e b e r
8 2 8 S i n " " P r i n c i p i o " " N i " " F i n a l A b e l " " P i n t o s
8 2 9 E s t a " " N o c h e " " Q u i e r o " " B r a n d y D y a n g o
8 3 0 E l l a M a t í a s " " V a l d e z
8 3 1 M o r n i n g M I L O " " J
8 3 2 L l e g ó " " L a " " B a n d a " " d e " " L a " " A c a d e L a " " G u a r d i a " " I m p e r i a l
8 3 3 Y a " " N o " " V u e l v a s L u c k " " R a
8 3 4 H a y " " U n a " " C o s a " " Q u e " " N u n c a " " V a n " " a " " E n t e n d e r S a n " " L o r e n z o
8 3 5 ​ m i r r o r b a l l T a y l o r " " S w i f t
8 3 6 E l " " M o t o r c i t o L i r i c o " " E n " " L a " " C a s a
8 3 7 E l " " T e s o r o E l " " M a t o " " A " " U n " " P o l i c i a " " M o t o r i z a d o
8 3 8 H a b l a n d o " " d e " " L a " " L i b e r t a d L a " " R e n g a
8 3 9 P u t i t a B a b a s ó n i c o s
8 4 0 E l " " T i e m p o " " N o " " P a r a B e r s u i t " " V e r g a r a b a t
8 4 1 U n a " " C a l l e " " N o s " " S e p a r a N e s t o r " " E n " " B l o q u e " " ( N - b l q )
8 4 2 C a r a b e l a s " " N a d a F i t o " " P á e z
8 4 3 C o n " " T e " " P a r t i r ò A n d r e a " " B o c e l l i
8 4 4 T u " " T u r r i t o " " ( p a r t . " " C a l l e j e r o " " F i n o ) R e i
8 4 5 R u i n a s C . R . O " "
8 4 6 C a n d y P l a n " " B
8 4 7 T o r n N a t a l i e " " I m b r u g l i a
8 4 8 L a v e n d e r " " H a z e T a y l o r " " S w i f t
8 4 9 Y " " Q u e " " T a l " " S i " " F u n c i o n a D a l e " " Q ' " " V a
8 5 0 A q u e l l o " " Q u e " " P a s ó " " ( F o r j a ) Q ' " " L o k u r a
8 5 1 B o n e s I m a g i n e " " D r a g o n s
8 5 2 S i " " S e " " D a " " ( r e m i x ) " " ( p a r t . " " F a r r u k o , " " A r c a n g e l , " " S e c h " " y " " Z i o n ) M y k e " " T o w e r s
8 5 3 V u e l t a " " a " " L a " " L u n a " " ( R e m i x ) " " ( p a r t . " " N e o " " P i s t é a " " y " " D u k i ) Y S Y " " A
8 5 4 E s " " É p i c o C a n s e r b e r o
8 5 5 R u n a w a y A U R O R A
8 5 6 C r e o " " E n " " T i J u l i o " " M e l g a r
8 5 7 D o g " " D a y s " " A r e " " O v e r F l o r e n c e " " + " " T h e " " M a c h i n e
8 5 8 C r a z y G n a r l s " " B a r k l e y
8 5 9 J u a n a " " A z u r d u y M e r c e d e s " " S o s a
8 6 0 B e s t " " O f " " Y o u F o o " " F i g h t e r s
8 6 1 A l l " " O f " " T h e " " G i r l s " " Y o u " " L o v e d " " B e f o r e T a y l o r " " S w i f t
8 6 2 H e r e " " W i t h " " M e d 4 v d
8 6 3 F i n a l K e " " P e r s o n a j e s
8 6 4 h a p p i n e s s T a y l o r " " S w i f t
8 6 5 D o n ' t " " S t a r t " " N o w D u a " " L i p a
8 6 6 R " " U " " M i n e ? A r c t i c " " M o n k e y s
8 6 7 E l " " P e t e " " D e " " W a n d a " " N a r a E l " " B a n a n e r o
8 6 8 J u n t o s " " a " " L a " " P a r P a p p o
8 6 9 Y o " " V e n g o " " A " " O f r e c e r " " M i " " C o r a z ó n F i t o " " P á e z
8 7 0 Q u e d á n d o t e " " o " " Y é n d o t e L u i s " " A l b e r t o " " S p i n e t t a
8 7 1 W h a t " " Y o u " " G e t " " I s " " W h a t " " Y o u " " S e e T i n a " " T u r n e r
8 7 2 F a n t a s i a " " o " " r e a l i d a d C a l l e j e r o s
8 7 3 N o t h i n g ' s " " G o n n a " " S t o p " " U s " " N o w S t a r s h i p
8 7 4 E y e s " " W i t h o u t " " a " " F a c e B i l l y " " I d o l
8 7 5 P a c t o " " ( p a r t . " " D e i " " V , " " H a d e s 6 6 " " y " " L u a r " " L a " " L ) " " [ e x p l í c i t a ] J a y " " W h e e l e r
8 7 6 d r i v e r s " " l i c e n s e O l i v i a " " R o d r i g o
8 7 7 A L M A " " D I N A M I T A W O S
8 7 8 i d o n t w a n n a b e y o u a n y m o r e B i l l i e " " E i l i s h
8 7 9 D a r k " " N e c e s s i t i e s R e d " " H o t " " C h i l i " " P e p p e r s
8 8 0 I t ' s " " a " " B e a u t i f u l " " D a y M i c h a e l " " B u b l é
8 8 1 M u n d o " " A g r a d a b l e S e r ú " " G i r á n
8 8 2 V o l v e r C a r l o s " " G a r d e l
8 8 3 C o m o " " L a " " F l o r S e l e n a
8 8 4 O n e M e t a l l i c a
8 8 5 G a n g s t a ' s " " P a r a d i s e C o o l i o
8 8 6 F L O W E R " " ( 꽃 ) J i s o o
8 8 7 絆 ノ 奇 跡 " " ( k i z u n a " " n o " " k i s e k i ) M a n " " W i t h " " a " " M i s s i o n
8 8 8 B e b é " " D a m e " " ( p a r t . " " G r u p o " " F r o n t e r a ) F u e r z a " " R e g i d a
8 8 9 T V B i l l i e " " E i l i s h
8 9 0 w i l l o w T a y l o r " " S w i f t
8 9 1 L - G a n t e " " R k t " " ( p a r t . " " P a p u " " D J ) L - G a n t e
8 9 2 L l é n a m e " " ( p a r t . " " B l e s t ) R o b e r t o " " O r e l l a n a
8 9 3 L o v e " " I n " " T h e " " D a r k A d e l e
8 9 4 S w e a t e r " " W e a t h e r T h e " " N e i g h b o u r h o o d
8 9 5 L o c a T a n " " B i o n i c a
8 9 6 C h a u N o " " T e " " V a " " G u s t a r
8 9 7 D e " " S o l o " " P e n s a r " " E n " " T i S O L E D A D
8 9 8 H a k u n a " " M a t a t a E l " " R e y " " L e ó n
8 9 9 J e s u c r i s t o " " B a s t a " " ( V e r s i ó n " " A c ú s t i c a ) " " ( p a r t . " " L i v i n g ) U n " " C o r a z ó n
9 0 0 D i s f r u t o C a r l a " " M o r r i s o n
9 0 1 L a " " T e m p r a n e r a M e r c e d e s " " S o s a
9 0 2 B o r n " " T o " " D i e L a n a " " D e l " " R e y
9 0 3 B a d " " R o m a n c e L a d y " " G a g a
9 0 4 Z a m b a " " d e " " A m o r " " E n " " V u e l o T a m a r a " " C a s t r o
9 0 5 G r i c e l J o s é " " M a r í a " " C o n t u r s i
9 0 6 U N F O R G I V E N " " ( f e a t . " " N i l e " " R o d g e r s ) L E " " S S E R A F I M
9 0 7 A M A R G U R A K A R O L " " G
9 0 8 C a l m " " D o w n R E M A
9 0 9 N E W " " M A G I C " " W A N D T y l e r , " " T h e " " C r e a t o r
9 1 0 I n f i e l U l i s e s " " B u e n o
9 1 1 B a d " " B l o o d " " ( f e a t . " " K e n d r i c k " " L a m a r ) T a y l o r " " S w i f t
9 1 2 P o r " " E s o " " T e " " A m o R í o " " R o m a
9 1 3 O r a c i ó n " " D e l " " R e m a n s o J o r g e " " F a n d e r m o l e
9 1 4 T a l k i n g " " T o " " T h e " " M o o n B r u n o " " M a r s
9 1 5 F e a r l e s s T a y l o r " " S w i f t
9 1 6 Q u i e n " " S e " " T o m o " " T o d o " " E l " " V i n o L a " " M o n a " " J i m é n e z
9 1 7 L a " " R u e d a " " M a g i c a F i t o " " P á e z
9 1 8 C o m p l i c a t e d A v r i l " " L a v i g n e
9 1 9 T o x i c i t y S y s t e m " " O f " " A " " D o w n
9 2 0 H a l l " " o f " " F a m e " " ( 위 인 전 ) S t r a y " " K i d s
9 2 1 A l g o " " T i e n e " " Q u e " " C a m b i a r A l a n " " S u t t o n " " y " " l a s " " C r i a t u r i t a s " " d e " " l a " " A n s i e d a d
9 2 2 W r e c k i n g " " B a l l M i l e y " " C y r u s
9 2 3 A ñ o r a n z a s L o s " " M a n s e r o s " " S a n t i a g u e ñ o s
9 2 4 Y o " " V e n g o " " P o r " " L a " " C a m i s e t a R i v e r " " P l a t e
9 2 5 L o v e " " T h e " " W a y " " Y o u " " L i e " " ( P a r t " " I I ) " " ( f e a t . " " E m i n e m ) R i h a n n a
9 2 6 T a n " " L e j o s N o " " T e " " V a " " G u s t a r
9 2 7 E l " " E s p í r i t u " " d e " " D i o s " " E s t á " " E n " " E s t e " " L u g a r C a n c i o n e s " " R e l i g i o s a s
9 2 8 L o n e l y " " D a y S y s t e m " " O f " " A " " D o w n
9 2 9 P E P P E R " " ( D J " " T A O " " T u r r e o " " S e s s i o n s " " # 1 5 ) D J " " T a o
9 3 0 D . O . M . I . N . G . O " " ( p a r t . " " Y s y " " A ) H o m e r " " E l " " M e r o " " M e r o
9 3 1 S h e E l v i s " " C o s t e l l o
9 3 2 L a " " B o h è m e C h a r l e s " " A z n a v o u r
9 3 3 M a c a r e n a L o s " " D e l " " R i o
9 3 4 A " " U n a " " V o z N e w " " W i n e
9 3 5 G u r e n g e L i S A
9 3 6 P a " " M í " " ( r e m i x ) " " ( p a r t . " " S e c h , " " R a f a " " P a b ö n , " " C a z z u , " " F e i d , " " K h e a " " y " " L e n n y " " T a v á r e z ) D a l e x
9 3 7 Y e e z y " " ( p a r t . " " Ñ e n g o " " F l o w ) A n u e l " " A A
9 3 8 E l " " H u m a h u a q u e ñ o L o s " " C h a l c h a l e r o s
9 3 9 Y o u " " K n o w " " I ' m " " N o " " G o o d A m y " " W i n e h o u s e
9 4 0 N e e d l e s " " & " " P i n s R a m o n e s
9 4 1 H i g h " " A n d " " D r y R a d i o h e a d
9 4 2 D r a g o s t e a " " D i n " " T e i O - Z o n e
9 4 3 E s " " P o r " " T i J u a n e s
9 4 4 M A Ñ A N A " " S E R Á " " B O N I T O " " ( p a r t . " " C a r l a " " M o r r i s o n ) K A R O L " " G
9 4 5 A " " R o d a r " " M i " " V i d a F i t o " " P á e z
9 4 6 K I C K " " B A C K K e n s h i " " Y o n e z u
9 4 7 C r a z y A e r o s m i t h
9 4 8 N e w " " R u l e s D u a " " L i p a
9 4 9 C ó m o " " O l v i d a r m e L a " " B e r i s o
9 5 0 L e t " " M e " " L o v e " " Y o u " " ( f e a t . " " D J " " S n a k e ) J u s t i n " " B i e b e r
9 5 1 H i m n o " " N a c i o n a l " " A r g e n t i n o M e r c e d e s " " S o s a
9 5 2 D e v i l " " E y e s H i p p i e " " S a b o t a g e
9 5 3 C a n t o " " a " " M o n t e " " Q u e m a d o L o s " " M a n s e r o s " " S a n t i a g u e ñ o s
9 5 4 N a r a n j o " " E n " " F l o r R o b e r t o " " G o y e n e c h e
9 5 5 C a c t u s G u s t a v o " " C e r a t i
9 5 6 L a " " C o p a " " L i b e r t a d o r e s " " E s " " M i " " O b s e s i ó n B o c a " " J u n i o r s
9 5 7 E n " " P i e " " d e " " G u e r r a D a n i e l " " A g o s t i n i
9 5 8 L e t ' s " " W o r k M i c k " " J a g g e r
9 5 9 A " " P r i m e r a " " V i s t a P e d r o " " A z n a r
9 6 0 N o " " M e " " E n s e ñ a s t e T h a l í a
9 6 1 T h e " " S o u n d " " O f " " S i l e n c e S i m o n " " & " " G a r f u n k e l
9 6 2 A l l á " " V o y E n t r e l a z a d o s " " ( D i s n e y )
9 6 3 N e c e s i t o " " U n " " E n c u e n t r o " " C o n t i g o " " ( E l " " L e ó n " " E s t á " " R u g i e n d o ) O a s i s " " M i n i s t r y
9 6 4 P e p p e r s " " ( f e a t . " " T o m m y " " G e n e s i s ) L a n a " " D e l " " R e y
9 6 5 2 " " H i e l o s K i n g " " S a v a g g e
9 6 6 A f t e r " " H o u r s T h e " " W e e k n d
9 6 7 Y o " " S é " " Q u i e n " " S o y E m i r " " S e n s i n i
9 6 8 A " " L a " " A b u e l a " " E m i l i a T e r e s a " " P a r o d i
9 6 9 H e r e n c i a " " P a ' " " U n " " H i j o " " G a u c h o " " ( P a r t e " " I I ) J o s é " " L a r r a l d e
9 7 0 B o c a " " N o " " C h a m u y e s " " M á s R i v e r " " P l a t e
9 7 1 N o " " T a n " " D i s t i n t o s " " [ 1 9 8 9 ] S u m o
9 7 2 U n a " " P i b a " " C o n " " L a " " R e m e r a " " d e " " G r e e n p e a c e L o s " " R e d o n d i t o s " " d e " " R i c o t a
9 7 3 M u j e r " " A m a n t e R a t a " " B l a n c a
9 7 4 T i m e " " A f t e r " " T i m e C y n d i " " L a u p e r
9 7 5 W o n d e r f u l " " L i f e B l a c k " " ( U K )
9 7 6 L a s " " M o r r a s " " ( p a r t . " " B l e s s d ) P e s o " " P l u m a
9 7 7 E y e " " I n " " T h e " " S k y T h e " " A l a n " " P a r s o n s " " P r o j e c t
9 7 8 Q U E V E D O " " ( B Z R P " " M u s i c " " S e s s i o n s " " # 5 2 ) B i z a r r a p
9 7 9 L a " " B a c h a t a M a n u e l " " T u r i z o
9 8 0 G o n n a " " B e " " O k a y B r e n t " " M o r g a n
9 8 1 E s c l a v a " " ( r e m i x ) " " ( p a r t . " " A n o n i m u s , " " A n u e l " " A A " " y " " A l m i g h t y ) " " [ e x p l í c i t a ] B r y a n t " " M y e r s
9 8 2 w h e n " " t h e " " p a r t y ' s " " o v e r B i l l i e " " E i l i s h
9 8 3 A p o c a l y p s e C i g a r e t t e s " " A f t e r " " S e x
9 8 4 W i t h o u t " " M e " " - " " E m i n e m S u i c i d e " " S q u a d " " ( T r i l h a " " S o n o r a )
9 8 5 W h y ' d " " Y o u " " O n l y " " C a l l " " M e " " W h e n " " Y o u ' r e " " H i g h ? A r c t i c " " M o n k e y s
9 8 6 Y o u n g " " A n d " " B e a u t i f u l L a n a " " D e l " " R e y
9 8 7 I n t r o d u c c i ó n " " ( A m é r i c a " " L a t i n a ) B e n " " 1 0
9 8 8 A r b ó l " " d e " " l a " " v i d a I n t o x i c a d o s
9 8 9 T h r i l l e r M i c h a e l " " J a c k s o n
9 9 0 S e n t i m i e n t o " " V i l l e r o P i b e s " " C h o r r o s
9 9 1 G I V E N C H Y D U K I
9 9 2 L a " " B a n d a " " d e " " L o s " " M i l l o n e s " " ( p a r t . " " E l " " P e s a " " 9 ) C a l l e j e r o " " F i n o
9 9 3 B u e n " " D í a , " " D í a M i g u e l " " A b u e l o
9 9 4 M a q u i a v é l i c o C a n s e r b e r o
9 9 5 C o p l a s " " D e l " " P a y a d o r " " P e r s e g u i d o A t a h u a l p a " " Y u p a n q u i
9 9 6 T h e " " L a z y " " S o n g B r u n o " " M a r s
9 9 7 T h e " " O n e " " T h a t " " G o t " " A w a y K a t y " " P e r r y
9 9 8 T e " " P a r a " " T r e s S o d a " " S t e r e o
9 9 9 L a " " B o l s a B e r s u i t " " V e r g a r a b a t
